l2_regularization,learning_rate,loss,max_depth,max_iter,min_samples_leaf,quantile,score
0,0.3,quantile,15,100,10,0.1,-14.595575359523844
0,0.3,quantile,15,100,10,0.2,-12.904691702089528
0,0.3,quantile,15,100,10,0.3,-11.654964859730716
0,0.3,quantile,15,100,10,0.4,-10.75193574622695
0,0.3,quantile,15,100,10,0.5,-10.197708424464743
0,0.3,quantile,15,100,10,0.6,-10.215183313979823
0,0.3,quantile,15,100,10,0.7,-10.429024291349602
0,0.3,quantile,15,100,10,0.8,-11.185387051153869
0,0.3,quantile,15,100,10,0.9,-13.070043079173507
0,0.3,quantile,15,100,20,0.1,-14.546936850839154
0,0.3,quantile,15,100,20,0.2,-12.800353303975715
0,0.3,quantile,15,100,20,0.3,-11.630642877887762
0,0.3,quantile,15,100,20,0.4,-10.641748915560427
0,0.3,quantile,15,100,20,0.5,-10.265245979954095
0,0.3,quantile,15,100,20,0.6,-10.114777596130722
0,0.3,quantile,15,100,20,0.7,-10.392124420719144
0,0.3,quantile,15,100,20,0.8,-11.010629903829741
0,0.3,quantile,15,100,20,0.9,-13.21015700151369
0,0.3,quantile,15,100,30,0.1,-14.391126662193747
0,0.3,quantile,15,100,30,0.2,-12.765051878517836
0,0.3,quantile,15,100,30,0.3,-11.552251301345196
0,0.3,quantile,15,100,30,0.4,-10.608422367712475
0,0.3,quantile,15,100,30,0.5,-10.321937407247223
0,0.3,quantile,15,100,30,0.6,-10.140721365664632
0,0.3,quantile,15,100,30,0.7,-10.282644140739102
0,0.3,quantile,15,100,30,0.8,-11.143162495588454
0,0.3,quantile,15,100,30,0.9,-13.353274435426766
0,0.3,quantile,15,100,40,0.1,-14.251954279287201
0,0.3,quantile,15,100,40,0.2,-12.65088441858465
0,0.3,quantile,15,100,40,0.3,-11.52798504580111
0,0.3,quantile,15,100,40,0.4,-10.694338962562247
0,0.3,quantile,15,100,40,0.5,-10.249543013943022
0,0.3,quantile,15,100,40,0.6,-10.174123067026333
0,0.3,quantile,15,100,40,0.7,-10.424526989946514
0,0.3,quantile,15,100,40,0.8,-11.236913056657695
0,0.3,quantile,15,100,40,0.9,-13.582576064778781
0,0.3,quantile,15,100,50,0.1,-14.092493408482948
0,0.3,quantile,15,100,50,0.2,-12.581130529443426
0,0.3,quantile,15,100,50,0.3,-11.488556294795563
0,0.3,quantile,15,100,50,0.4,-10.675910833108466
0,0.3,quantile,15,100,50,0.5,-10.217983533127635
0,0.3,quantile,15,100,50,0.6,-10.214454371951815
0,0.3,quantile,15,100,50,0.7,-10.37394193961384
0,0.3,quantile,15,100,50,0.8,-11.11941385736589
0,0.3,quantile,15,100,50,0.9,-13.786361514733661
0,0.3,quantile,15,100,10,0.1,-14.529820366949973
0,0.3,quantile,15,100,10,0.2,-12.835756118236574
0,0.3,quantile,15,100,10,0.3,-11.587767013169305
0,0.3,quantile,15,100,10,0.4,-10.631842765980506
0,0.3,quantile,15,100,10,0.5,-10.271152686800493
0,0.3,quantile,15,100,10,0.6,-10.2932732497624
0,0.3,quantile,15,100,10,0.7,-10.657162555288274
0,0.3,quantile,15,100,10,0.8,-11.05179582145109
0,0.3,quantile,15,100,10,0.9,-12.68969577356923
0,0.3,quantile,15,100,20,0.1,-14.407289021049701
0,0.3,quantile,15,100,20,0.2,-12.804865989950681
0,0.3,quantile,15,100,20,0.3,-11.57442013085484
0,0.3,quantile,15,100,20,0.4,-10.58363719725835
0,0.3,quantile,15,100,20,0.5,-10.346580620662314
0,0.3,quantile,15,100,20,0.6,-10.156372973807386
0,0.3,quantile,15,100,20,0.7,-10.486525472473652
0,0.3,quantile,15,100,20,0.8,-10.967583282586713
0,0.3,quantile,15,100,20,0.9,-13.01050643750978
0,0.3,quantile,15,100,30,0.1,-14.23336464819663
0,0.3,quantile,15,100,30,0.2,-12.656995679726338
0,0.3,quantile,15,100,30,0.3,-11.405517753075651
0,0.3,quantile,15,100,30,0.4,-10.59446884844732
0,0.3,quantile,15,100,30,0.5,-10.167476482059962
0,0.3,quantile,15,100,30,0.6,-10.211904236346042
0,0.3,quantile,15,100,30,0.7,-10.352651108416781
0,0.3,quantile,15,100,30,0.8,-11.049936208389159
0,0.3,quantile,15,100,30,0.9,-13.373991668448124
0,0.3,quantile,15,100,40,0.1,-14.033205322688309
0,0.3,quantile,15,100,40,0.2,-12.537702773994901
0,0.3,quantile,15,100,40,0.3,-11.448893056216649
0,0.3,quantile,15,100,40,0.4,-10.592391258423318
0,0.3,quantile,15,100,40,0.5,-10.198521336517311
0,0.3,quantile,15,100,40,0.6,-10.236076028784444
0,0.3,quantile,15,100,40,0.7,-10.247977272309253
0,0.3,quantile,15,100,40,0.8,-11.185429285731304
0,0.3,quantile,15,100,40,0.9,-13.379675825237118
0,0.3,quantile,15,100,50,0.1,-13.864262255178597
0,0.3,quantile,15,100,50,0.2,-12.504300581539606
0,0.3,quantile,15,100,50,0.3,-11.309535227528647
0,0.3,quantile,15,100,50,0.4,-10.562021663246904
0,0.3,quantile,15,100,50,0.5,-10.27036274569234
0,0.3,quantile,15,100,50,0.6,-10.074943162888102
0,0.3,quantile,15,100,50,0.7,-10.429538192301045
0,0.3,quantile,15,100,50,0.8,-11.08698664599012
0,0.3,quantile,15,100,50,0.9,-13.677013538270069
0,0.3,quantile,15,100,10,0.1,-14.45029943474805
0,0.3,quantile,15,100,10,0.2,-12.795696447932588
0,0.3,quantile,15,100,10,0.3,-11.657267512483708
0,0.3,quantile,15,100,10,0.4,-10.575610166758365
0,0.3,quantile,15,100,10,0.5,-10.200424351788657
0,0.3,quantile,15,100,10,0.6,-10.349796891362505
0,0.3,quantile,15,100,10,0.7,-10.482995363227563
0,0.3,quantile,15,100,10,0.8,-11.120332593677608
0,0.3,quantile,15,100,10,0.9,-12.845320055685116
0,0.3,quantile,15,100,20,0.1,-14.255853677559042
0,0.3,quantile,15,100,20,0.2,-12.711133520834057
0,0.3,quantile,15,100,20,0.3,-11.456575866110068
0,0.3,quantile,15,100,20,0.4,-10.546610275382713
0,0.3,quantile,15,100,20,0.5,-10.252448168738859
0,0.3,quantile,15,100,20,0.6,-10.318248769045987
0,0.3,quantile,15,100,20,0.7,-10.381172270126369
0,0.3,quantile,15,100,20,0.8,-11.057984056556403
0,0.3,quantile,15,100,20,0.9,-13.075176708128264
0,0.3,quantile,15,100,30,0.1,-14.040071004422497
0,0.3,quantile,15,100,30,0.2,-12.605428169305672
0,0.3,quantile,15,100,30,0.3,-11.42050451733216
0,0.3,quantile,15,100,30,0.4,-10.653431938177409
0,0.3,quantile,15,100,30,0.5,-10.201465532079762
0,0.3,quantile,15,100,30,0.6,-10.300608372363511
0,0.3,quantile,15,100,30,0.7,-10.40584760147065
0,0.3,quantile,15,100,30,0.8,-11.04359080410614
0,0.3,quantile,15,100,30,0.9,-13.33519214013395
0,0.3,quantile,15,100,40,0.1,-13.834399382594409
0,0.3,quantile,15,100,40,0.2,-12.454584089842708
0,0.3,quantile,15,100,40,0.3,-11.373618396714628
0,0.3,quantile,15,100,40,0.4,-10.599783066538379
0,0.3,quantile,15,100,40,0.5,-10.380428586705273
0,0.3,quantile,15,100,40,0.6,-10.234762633313263
0,0.3,quantile,15,100,40,0.7,-10.420419513446216
0,0.3,quantile,15,100,40,0.8,-10.936309727545913
0,0.3,quantile,15,100,40,0.9,-13.307472439320321
0,0.3,quantile,15,100,50,0.1,-13.68872820082569
0,0.3,quantile,15,100,50,0.2,-12.39548636133131
0,0.3,quantile,15,100,50,0.3,-11.379866097108062
0,0.3,quantile,15,100,50,0.4,-10.664479285863578
0,0.3,quantile,15,100,50,0.5,-10.263777654933257
0,0.3,quantile,15,100,50,0.6,-10.130086542040909
0,0.3,quantile,15,100,50,0.7,-10.364801868789987
0,0.3,quantile,15,100,50,0.8,-11.025629039226134
0,0.3,quantile,15,100,50,0.9,-13.503435884708129
0,0.3,quantile,15,100,10,0.1,-14.346650424038055
0,0.3,quantile,15,100,10,0.2,-12.790251367036412
0,0.3,quantile,15,100,10,0.3,-11.553415117979831
0,0.3,quantile,15,100,10,0.4,-10.588510689173138
0,0.3,quantile,15,100,10,0.5,-10.243450638985527
0,0.3,quantile,15,100,10,0.6,-10.362113931340339
0,0.3,quantile,15,100,10,0.7,-10.676056603113057
0,0.3,quantile,15,100,10,0.8,-10.907842940507424
0,0.3,quantile,15,100,10,0.9,-12.729278269139773
0,0.3,quantile,15,100,20,0.1,-14.131147617476017
0,0.3,quantile,15,100,20,0.2,-12.599707261275082
0,0.3,quantile,15,100,20,0.3,-11.456561318302068
0,0.3,quantile,15,100,20,0.4,-10.555921451335788
0,0.3,quantile,15,100,20,0.5,-10.353598986778934
0,0.3,quantile,15,100,20,0.6,-10.19236789925284
0,0.3,quantile,15,100,20,0.7,-10.60617799106694
0,0.3,quantile,15,100,20,0.8,-11.166345532088554
0,0.3,quantile,15,100,20,0.9,-13.04372330519034
0,0.3,quantile,15,100,30,0.1,-13.886927282282674
0,0.3,quantile,15,100,30,0.2,-12.446352819268302
0,0.3,quantile,15,100,30,0.3,-11.37641427979518
0,0.3,quantile,15,100,30,0.4,-10.620924993102188
0,0.3,quantile,15,100,30,0.5,-10.185283181657283
0,0.3,quantile,15,100,30,0.6,-10.324115297705598
0,0.3,quantile,15,100,30,0.7,-10.298282079676602
0,0.3,quantile,15,100,30,0.8,-11.036956210935333
0,0.3,quantile,15,100,30,0.9,-13.156259921783908
0,0.3,quantile,15,100,40,0.1,-13.73712698728698
0,0.3,quantile,15,100,40,0.2,-12.320220644369154
0,0.3,quantile,15,100,40,0.3,-11.25891535201188
0,0.3,quantile,15,100,40,0.4,-10.504330269244294
0,0.3,quantile,15,100,40,0.5,-10.388375782167515
0,0.3,quantile,15,100,40,0.6,-10.295155154412779
0,0.3,quantile,15,100,40,0.7,-10.439058925835083
0,0.3,quantile,15,100,40,0.8,-11.033574594409377
0,0.3,quantile,15,100,40,0.9,-13.280084646647207
0,0.3,quantile,15,100,50,0.1,-13.653186815323398
0,0.3,quantile,15,100,50,0.2,-12.226254869570187
0,0.3,quantile,15,100,50,0.3,-11.1787194977805
0,0.3,quantile,15,100,50,0.4,-10.647878800291164
0,0.3,quantile,15,100,50,0.5,-10.353714843672806
0,0.3,quantile,15,100,50,0.6,-10.117486513819905
0,0.3,quantile,15,100,50,0.7,-10.388953316274463
0,0.3,quantile,15,100,50,0.8,-11.07243976414722
0,0.3,quantile,15,100,50,0.9,-13.460700520230375
0,0.3,quantile,15,100,10,0.1,-14.162508015752156
0,0.3,quantile,15,100,10,0.2,-12.694707139298973
0,0.3,quantile,15,100,10,0.3,-11.495890422647982
0,0.3,quantile,15,100,10,0.4,-10.686437606123807
0,0.3,quantile,15,100,10,0.5,-10.196481020497687
0,0.3,quantile,15,100,10,0.6,-10.337005429909704
0,0.3,quantile,15,100,10,0.7,-10.49007840122379
0,0.3,quantile,15,100,10,0.8,-10.889593665771509
0,0.3,quantile,15,100,10,0.9,-12.679738455661607
0,0.3,quantile,15,100,20,0.1,-13.826421500104862
0,0.3,quantile,15,100,20,0.2,-12.414540183767098
0,0.3,quantile,15,100,20,0.3,-11.320424832570273
0,0.3,quantile,15,100,20,0.4,-10.604334202395538
0,0.3,quantile,15,100,20,0.5,-10.295439005990668
0,0.3,quantile,15,100,20,0.6,-10.229613537666825
0,0.3,quantile,15,100,20,0.7,-10.383515114251548
0,0.3,quantile,15,100,20,0.8,-10.915677054183039
0,0.3,quantile,15,100,20,0.9,-13.007894937377623
0,0.3,quantile,15,100,30,0.1,-13.625697077435257
0,0.3,quantile,15,100,30,0.2,-12.232527113012202
0,0.3,quantile,15,100,30,0.3,-11.255075391054742
0,0.3,quantile,15,100,30,0.4,-10.628346075634155
0,0.3,quantile,15,100,30,0.5,-10.260899020601117
0,0.3,quantile,15,100,30,0.6,-10.288708761045147
0,0.3,quantile,15,100,30,0.7,-10.376395396716495
0,0.3,quantile,15,100,30,0.8,-11.029397211141756
0,0.3,quantile,15,100,30,0.9,-13.012400072044937
0,0.3,quantile,15,100,40,0.1,-13.53958673621031
0,0.3,quantile,15,100,40,0.2,-12.158645312927522
0,0.3,quantile,15,100,40,0.3,-11.189399168283753
0,0.3,quantile,15,100,40,0.4,-10.60702111465243
0,0.3,quantile,15,100,40,0.5,-10.257038194526583
0,0.3,quantile,15,100,40,0.6,-10.200075169513473
0,0.3,quantile,15,100,40,0.7,-10.400000141478728
0,0.3,quantile,15,100,40,0.8,-10.991111363482942
0,0.3,quantile,15,100,40,0.9,-13.078407370801532
0,0.3,quantile,15,100,50,0.1,-13.640156008527569
0,0.3,quantile,15,100,50,0.2,-12.16099825878027
0,0.3,quantile,15,100,50,0.3,-11.200448602618899
0,0.3,quantile,15,100,50,0.4,-10.665074184677412
0,0.3,quantile,15,100,50,0.5,-10.227415675708178
0,0.3,quantile,15,100,50,0.6,-10.095519750402069
0,0.3,quantile,15,100,50,0.7,-10.386414574388883
0,0.3,quantile,15,100,50,0.8,-11.070378263457693
0,0.3,quantile,15,100,50,0.9,-13.433526938383746
0,0.3,quantile,15,200,10,0.1,-14.360208204255994
0,0.3,quantile,15,200,10,0.2,-12.673231504624606
0,0.3,quantile,15,200,10,0.3,-11.4668813758877
0,0.3,quantile,15,200,10,0.4,-10.623544414793656
0,0.3,quantile,15,200,10,0.5,-10.135402150432315
0,0.3,quantile,15,200,10,0.6,-10.224253185908815
0,0.3,quantile,15,200,10,0.7,-10.422402319587276
0,0.3,quantile,15,200,10,0.8,-11.068186103801294
0,0.3,quantile,15,200,10,0.9,-12.823165191056628
0,0.3,quantile,15,200,20,0.1,-14.338464532295035
0,0.3,quantile,15,200,20,0.2,-12.60872104103842
0,0.3,quantile,15,200,20,0.3,-11.445539113187907
0,0.3,quantile,15,200,20,0.4,-10.538913874942583
0,0.3,quantile,15,200,20,0.5,-10.237176293446039
0,0.3,quantile,15,200,20,0.6,-10.103789206990125
0,0.3,quantile,15,200,20,0.7,-10.374009313538114
0,0.3,quantile,15,200,20,0.8,-10.907545769360802
0,0.3,quantile,15,200,20,0.9,-12.952088082757962
0,0.3,quantile,15,200,30,0.1,-14.179542750044428
0,0.3,quantile,15,200,30,0.2,-12.575352733689707
0,0.3,quantile,15,200,30,0.3,-11.361084081453006
0,0.3,quantile,15,200,30,0.4,-10.528472186767896
0,0.3,quantile,15,200,30,0.5,-10.294637737309731
0,0.3,quantile,15,200,30,0.6,-10.159860724307888
0,0.3,quantile,15,200,30,0.7,-10.251556059600453
0,0.3,quantile,15,200,30,0.8,-11.048243640124507
0,0.3,quantile,15,200,30,0.9,-13.086283407634113
0,0.3,quantile,15,200,40,0.1,-14.026665504058148
0,0.3,quantile,15,200,40,0.2,-12.464891934739075
0,0.3,quantile,15,200,40,0.3,-11.3331373215531
0,0.3,quantile,15,200,40,0.4,-10.605621718885116
0,0.3,quantile,15,200,40,0.5,-10.233697965844318
0,0.3,quantile,15,200,40,0.6,-10.170322238696379
0,0.3,quantile,15,200,40,0.7,-10.396474528524656
0,0.3,quantile,15,200,40,0.8,-11.113187236036461
0,0.3,quantile,15,200,40,0.9,-13.325798383723457
0,0.3,quantile,15,200,50,0.1,-13.838126834394725
0,0.3,quantile,15,200,50,0.2,-12.410707438637314
0,0.3,quantile,15,200,50,0.3,-11.313672507721389
0,0.3,quantile,15,200,50,0.4,-10.571047055959472
0,0.3,quantile,15,200,50,0.5,-10.213124068324472
0,0.3,quantile,15,200,50,0.6,-10.201675871879383
0,0.3,quantile,15,200,50,0.7,-10.352598379786604
0,0.3,quantile,15,200,50,0.8,-10.987432249912274
0,0.3,quantile,15,200,50,0.9,-13.523431741621682
0,0.3,quantile,15,200,10,0.1,-14.276242136266518
0,0.3,quantile,15,200,10,0.2,-12.642026926193527
0,0.3,quantile,15,200,10,0.3,-11.38826183467342
0,0.3,quantile,15,200,10,0.4,-10.540285565796207
0,0.3,quantile,15,200,10,0.5,-10.251697383999943
0,0.3,quantile,15,200,10,0.6,-10.28012388866468
0,0.3,quantile,15,200,10,0.7,-10.642970038363678
0,0.3,quantile,15,200,10,0.8,-10.964647304180955
0,0.3,quantile,15,200,10,0.9,-12.442430362646332
0,0.3,quantile,15,200,20,0.1,-14.17656145416692
0,0.3,quantile,15,200,20,0.2,-12.58566478332567
0,0.3,quantile,15,200,20,0.3,-11.381318127493689
0,0.3,quantile,15,200,20,0.4,-10.475463637380162
0,0.3,quantile,15,200,20,0.5,-10.333924012349035
0,0.3,quantile,15,200,20,0.6,-10.167867821895902
0,0.3,quantile,15,200,20,0.7,-10.48695840045833
0,0.3,quantile,15,200,20,0.8,-10.884463208213198
0,0.3,quantile,15,200,20,0.9,-12.745306416609733
0,0.3,quantile,15,200,30,0.1,-13.96825510565552
0,0.3,quantile,15,200,30,0.2,-12.458604983393155
0,0.3,quantile,15,200,30,0.3,-11.212685952029153
0,0.3,quantile,15,200,30,0.4,-10.488623046946788
0,0.3,quantile,15,200,30,0.5,-10.148444243309623
0,0.3,quantile,15,200,30,0.6,-10.196522233543051
0,0.3,quantile,15,200,30,0.7,-10.329318172150188
0,0.3,quantile,15,200,30,0.8,-10.949092954912945
0,0.3,quantile,15,200,30,0.9,-13.110702362555415
0,0.3,quantile,15,200,40,0.1,-13.761369795271136
0,0.3,quantile,15,200,40,0.2,-12.339424618063036
0,0.3,quantile,15,200,40,0.3,-11.27784099849588
0,0.3,quantile,15,200,40,0.4,-10.507617138192158
0,0.3,quantile,15,200,40,0.5,-10.180683390603818
0,0.3,quantile,15,200,40,0.6,-10.217932317165609
0,0.3,quantile,15,200,40,0.7,-10.20129493503765
0,0.3,quantile,15,200,40,0.8,-11.07103212144937
0,0.3,quantile,15,200,40,0.9,-13.130201775934315
0,0.3,quantile,15,200,50,0.1,-13.629360886473796
0,0.3,quantile,15,200,50,0.2,-12.342275927826773
0,0.3,quantile,15,200,50,0.3,-11.163259801258762
0,0.3,quantile,15,200,50,0.4,-10.490556151710063
0,0.3,quantile,15,200,50,0.5,-10.226620539490778
0,0.3,quantile,15,200,50,0.6,-10.070306525243183
0,0.3,quantile,15,200,50,0.7,-10.378591287063733
0,0.3,quantile,15,200,50,0.8,-10.97939097001924
0,0.3,quantile,15,200,50,0.9,-13.435607330406393
0,0.3,quantile,15,200,10,0.1,-14.181604391982386
0,0.3,quantile,15,200,10,0.2,-12.583942189668281
0,0.3,quantile,15,200,10,0.3,-11.418513214059264
0,0.3,quantile,15,200,10,0.4,-10.435807137747227
0,0.3,quantile,15,200,10,0.5,-10.165069195299484
0,0.3,quantile,15,200,10,0.6,-10.353039556145854
0,0.3,quantile,15,200,10,0.7,-10.464743420247693
0,0.3,quantile,15,200,10,0.8,-11.0460388813941
0,0.3,quantile,15,200,10,0.9,-12.605064958491926
0,0.3,quantile,15,200,20,0.1,-14.006177012438656
0,0.3,quantile,15,200,20,0.2,-12.497055469721172
0,0.3,quantile,15,200,20,0.3,-11.262707743083517
0,0.3,quantile,15,200,20,0.4,-10.458950887074932
0,0.3,quantile,15,200,20,0.5,-10.253783369065435
0,0.3,quantile,15,200,20,0.6,-10.298151673891525
0,0.3,quantile,15,200,20,0.7,-10.362065480784128
0,0.3,quantile,15,200,20,0.8,-10.96684074086605
0,0.3,quantile,15,200,20,0.9,-12.83442376239763
0,0.3,quantile,15,200,30,0.1,-13.78438761913379
0,0.3,quantile,15,200,30,0.2,-12.397140726224546
0,0.3,quantile,15,200,30,0.3,-11.23643214458664
0,0.3,quantile,15,200,30,0.4,-10.581871595237086
0,0.3,quantile,15,200,30,0.5,-10.173409175839089
0,0.3,quantile,15,200,30,0.6,-10.301066649319022
0,0.3,quantile,15,200,30,0.7,-10.371267499459483
0,0.3,quantile,15,200,30,0.8,-10.938840335705377
0,0.3,quantile,15,200,30,0.9,-13.093821298642249
0,0.3,quantile,15,200,40,0.1,-13.590554235100171
0,0.3,quantile,15,200,40,0.2,-12.257393615494829
0,0.3,quantile,15,200,40,0.3,-11.217457510587435
0,0.3,quantile,15,200,40,0.4,-10.498601913000195
0,0.3,quantile,15,200,40,0.5,-10.320265360513844
0,0.3,quantile,15,200,40,0.6,-10.216720889879275
0,0.3,quantile,15,200,40,0.7,-10.399003405563816
0,0.3,quantile,15,200,40,0.8,-10.836605590905931
0,0.3,quantile,15,200,40,0.9,-13.05931701138174
0,0.3,quantile,15,200,50,0.1,-13.46891829861245
0,0.3,quantile,15,200,50,0.2,-12.219126953628512
0,0.3,quantile,15,200,50,0.3,-11.213966669512832
0,0.3,quantile,15,200,50,0.4,-10.582902022934753
0,0.3,quantile,15,200,50,0.5,-10.22885173255889
0,0.3,quantile,15,200,50,0.6,-10.117004363860223
0,0.3,quantile,15,200,50,0.7,-10.32693395078366
0,0.3,quantile,15,200,50,0.8,-10.912004134910159
0,0.3,quantile,15,200,50,0.9,-13.264632293670417
0,0.3,quantile,15,200,10,0.1,-14.0779382359998
0,0.3,quantile,15,200,10,0.2,-12.565911880391434
0,0.3,quantile,15,200,10,0.3,-11.338178989314589
0,0.3,quantile,15,200,10,0.4,-10.492204354284498
0,0.3,quantile,15,200,10,0.5,-10.243682776782633
0,0.3,quantile,15,200,10,0.6,-10.350761183094065
0,0.3,quantile,15,200,10,0.7,-10.650224392640249
0,0.3,quantile,15,200,10,0.8,-10.82497901898947
0,0.3,quantile,15,200,10,0.9,-12.495405835510327
0,0.3,quantile,15,200,20,0.1,-13.847391911430517
0,0.3,quantile,15,200,20,0.2,-12.390092638318093
0,0.3,quantile,15,200,20,0.3,-11.269982434149638
0,0.3,quantile,15,200,20,0.4,-10.460343989560073
0,0.3,quantile,15,200,20,0.5,-10.319654559192063
0,0.3,quantile,15,200,20,0.6,-10.227053537422119
0,0.3,quantile,15,200,20,0.7,-10.57332323634228
0,0.3,quantile,15,200,20,0.8,-11.084530926807698
0,0.3,quantile,15,200,20,0.9,-12.788378785919654
0,0.3,quantile,15,200,30,0.1,-13.646082293596976
0,0.3,quantile,15,200,30,0.2,-12.23330301271925
0,0.3,quantile,15,200,30,0.3,-11.222980145394779
0,0.3,quantile,15,200,30,0.4,-10.535482340468485
0,0.3,quantile,15,200,30,0.5,-10.169717210268951
0,0.3,quantile,15,200,30,0.6,-10.31668967129082
0,0.3,quantile,15,200,30,0.7,-10.276694914082956
0,0.3,quantile,15,200,30,0.8,-10.940905841776914
0,0.3,quantile,15,200,30,0.9,-12.912132945797481
0,0.3,quantile,15,200,40,0.1,-13.521175410051248
0,0.3,quantile,15,200,40,0.2,-12.137406228787947
0,0.3,quantile,15,200,40,0.3,-11.09411369418209
0,0.3,quantile,15,200,40,0.4,-10.428007551253506
0,0.3,quantile,15,200,40,0.5,-10.350143877816787
0,0.3,quantile,15,200,40,0.6,-10.280689006345435
0,0.3,quantile,15,200,40,0.7,-10.407857298670015
0,0.3,quantile,15,200,40,0.8,-10.941920835680037
0,0.3,quantile,15,200,40,0.9,-13.052203735181394
0,0.3,quantile,15,200,50,0.1,-13.438231605239542
0,0.3,quantile,15,200,50,0.2,-12.03744205517942
0,0.3,quantile,15,200,50,0.3,-11.037829416732563
0,0.3,quantile,15,200,50,0.4,-10.586633728617933
0,0.3,quantile,15,200,50,0.5,-10.33238881796157
0,0.3,quantile,15,200,50,0.6,-10.103437448279795
0,0.3,quantile,15,200,50,0.7,-10.358116848141666
0,0.3,quantile,15,200,50,0.8,-10.961086908270605
0,0.3,quantile,15,200,50,0.9,-13.197461366525676
0,0.3,quantile,15,200,10,0.1,-13.881589735622796
0,0.3,quantile,15,200,10,0.2,-12.465022646312212
0,0.3,quantile,15,200,10,0.3,-11.269343426515887
0,0.3,quantile,15,200,10,0.4,-10.598706049385926
0,0.3,quantile,15,200,10,0.5,-10.15230398793014
0,0.3,quantile,15,200,10,0.6,-10.337724182214503
0,0.3,quantile,15,200,10,0.7,-10.464754331153063
0,0.3,quantile,15,200,10,0.8,-10.831643249817892
0,0.3,quantile,15,200,10,0.9,-12.417907266340155
0,0.3,quantile,15,200,20,0.1,-13.557101783722871
0,0.3,quantile,15,200,20,0.2,-12.165830510290624
0,0.3,quantile,15,200,20,0.3,-11.131212318847053
0,0.3,quantile,15,200,20,0.4,-10.502238044977414
0,0.3,quantile,15,200,20,0.5,-10.260504114213505
0,0.3,quantile,15,200,20,0.6,-10.228003558998541
0,0.3,quantile,15,200,20,0.7,-10.369502489839682
0,0.3,quantile,15,200,20,0.8,-10.843860749610386
0,0.3,quantile,15,200,20,0.9,-12.758357482689936
0,0.3,quantile,15,200,30,0.1,-13.366367129016979
0,0.3,quantile,15,200,30,0.2,-12.047753625486433
0,0.3,quantile,15,200,30,0.3,-11.075612843444768
0,0.3,quantile,15,200,30,0.4,-10.548233243153154
0,0.3,quantile,15,200,30,0.5,-10.241944251281673
0,0.3,quantile,15,200,30,0.6,-10.270711570528054
0,0.3,quantile,15,200,30,0.7,-10.356141263223964
0,0.3,quantile,15,200,30,0.8,-10.938819700875134
0,0.3,quantile,15,200,30,0.9,-12.767619934742394
0,0.3,quantile,15,200,40,0.1,-13.322119871214221
0,0.3,quantile,15,200,40,0.2,-11.988732232879496
0,0.3,quantile,15,200,40,0.3,-11.049948727890534
0,0.3,quantile,15,200,40,0.4,-10.529042919309017
0,0.3,quantile,15,200,40,0.5,-10.223010868354486
0,0.3,quantile,15,200,40,0.6,-10.183303752684202
0,0.3,quantile,15,200,40,0.7,-10.378249123126341
0,0.3,quantile,15,200,40,0.8,-10.899394308428775
0,0.3,quantile,15,200,40,0.9,-12.829895735069233
0,0.3,quantile,15,200,50,0.1,-13.406365354800172
0,0.3,quantile,15,200,50,0.2,-11.961895010039166
0,0.3,quantile,15,200,50,0.3,-11.071360388961951
0,0.3,quantile,15,200,50,0.4,-10.588689936168766
0,0.3,quantile,15,200,50,0.5,-10.199918225535153
0,0.3,quantile,15,200,50,0.6,-10.084929295142173
0,0.3,quantile,15,200,50,0.7,-10.356949694570286
0,0.3,quantile,15,200,50,0.8,-10.97459698868264
0,0.3,quantile,15,200,50,0.9,-13.193836861460857
0,0.3,quantile,15,300,10,0.1,-14.222080625243342
0,0.3,quantile,15,300,10,0.2,-12.558838543488115
0,0.3,quantile,15,300,10,0.3,-11.349008240550798
0,0.3,quantile,15,300,10,0.4,-10.584142750013044
0,0.3,quantile,15,300,10,0.5,-10.136112661307099
0,0.3,quantile,15,300,10,0.6,-10.237752900297682
0,0.3,quantile,15,300,10,0.7,-10.414787945152458
0,0.3,quantile,15,300,10,0.8,-11.042602333520296
0,0.3,quantile,15,300,10,0.9,-12.691279896321003
0,0.3,quantile,15,300,20,0.1,-14.19508192174302
0,0.3,quantile,15,300,20,0.2,-12.50481959800429
0,0.3,quantile,15,300,20,0.3,-11.36291172683017
0,0.3,quantile,15,300,20,0.4,-10.492760347607804
0,0.3,quantile,15,300,20,0.5,-10.22310374017599
0,0.3,quantile,15,300,20,0.6,-10.100787210040139
0,0.3,quantile,15,300,20,0.7,-10.387959858724564
0,0.3,quantile,15,300,20,0.8,-10.863728565320852
0,0.3,quantile,15,300,20,0.9,-12.818874948827098
0,0.3,quantile,15,300,30,0.1,-14.036244456477203
0,0.3,quantile,15,300,30,0.2,-12.479666252287194
0,0.3,quantile,15,300,30,0.3,-11.267916103279855
0,0.3,quantile,15,300,30,0.4,-10.481020161810559
0,0.3,quantile,15,300,30,0.5,-10.280253447717396
0,0.3,quantile,15,300,30,0.6,-10.17102820967521
0,0.3,quantile,15,300,30,0.7,-10.238234390028225
0,0.3,quantile,15,300,30,0.8,-11.00018190280434
0,0.3,quantile,15,300,30,0.9,-12.951358661351492
0,0.3,quantile,15,300,40,0.1,-13.885062971648267
0,0.3,quantile,15,300,40,0.2,-12.382635024482706
0,0.3,quantile,15,300,40,0.3,-11.239829054982328
0,0.3,quantile,15,300,40,0.4,-10.55385817097807
0,0.3,quantile,15,300,40,0.5,-10.216292631844167
0,0.3,quantile,15,300,40,0.6,-10.15684991422945
0,0.3,quantile,15,300,40,0.7,-10.382392468909687
0,0.3,quantile,15,300,40,0.8,-11.057163108000708
0,0.3,quantile,15,300,40,0.9,-13.198299469264674
0,0.3,quantile,15,300,50,0.1,-13.72055296208398
0,0.3,quantile,15,300,50,0.2,-12.3126710992991
0,0.3,quantile,15,300,50,0.3,-11.236380347174403
0,0.3,quantile,15,300,50,0.4,-10.527412786464353
0,0.3,quantile,15,300,50,0.5,-10.204456530638225
0,0.3,quantile,15,300,50,0.6,-10.195473850499505
0,0.3,quantile,15,300,50,0.7,-10.335727766718929
0,0.3,quantile,15,300,50,0.8,-10.935760156936366
0,0.3,quantile,15,300,50,0.9,-13.394014117652716
0,0.3,quantile,15,300,10,0.1,-14.13747276912359
0,0.3,quantile,15,300,10,0.2,-12.53439480215875
0,0.3,quantile,15,300,10,0.3,-11.27868713206034
0,0.3,quantile,15,300,10,0.4,-10.467935965745228
0,0.3,quantile,15,300,10,0.5,-10.245086838149843
0,0.3,quantile,15,300,10,0.6,-10.293216280599056
0,0.3,quantile,15,300,10,0.7,-10.631200079239484
0,0.3,quantile,15,300,10,0.8,-10.927774781716375
0,0.3,quantile,15,300,10,0.9,-12.31738532181457
0,0.3,quantile,15,300,20,0.1,-14.029890474375605
0,0.3,quantile,15,300,20,0.2,-12.48669668887587
0,0.3,quantile,15,300,20,0.3,-11.271875080464387
0,0.3,quantile,15,300,20,0.4,-10.432080991210603
0,0.3,quantile,15,300,20,0.5,-10.313342143114026
0,0.3,quantile,15,300,20,0.6,-10.168448566910746
0,0.3,quantile,15,300,20,0.7,-10.485229199435462
0,0.3,quantile,15,300,20,0.8,-10.840531675931377
0,0.3,quantile,15,300,20,0.9,-12.607929920953184
0,0.3,quantile,15,300,30,0.1,-13.820751381292578
0,0.3,quantile,15,300,30,0.2,-12.353828192609075
0,0.3,quantile,15,300,30,0.3,-11.100638465756777
0,0.3,quantile,15,300,30,0.4,-10.433253203068086
0,0.3,quantile,15,300,30,0.5,-10.1137469789502
0,0.3,quantile,15,300,30,0.6,-10.206977328643456
0,0.3,quantile,15,300,30,0.7,-10.320027178116721
0,0.3,quantile,15,300,30,0.8,-10.896707945287236
0,0.3,quantile,15,300,30,0.9,-12.98776644111162
0,0.3,quantile,15,300,40,0.1,-13.62567463819045
0,0.3,quantile,15,300,40,0.2,-12.23448163977783
0,0.3,quantile,15,300,40,0.3,-11.203572615873366
0,0.3,quantile,15,300,40,0.4,-10.470079748258732
0,0.3,quantile,15,300,40,0.5,-10.166391450335405
0,0.3,quantile,15,300,40,0.6,-10.204613254223858
0,0.3,quantile,15,300,40,0.7,-10.18266757126013
0,0.3,quantile,15,300,40,0.8,-11.021894303197858
0,0.3,quantile,15,300,40,0.9,-13.003698543300976
0,0.3,quantile,15,300,50,0.1,-13.51997803960476
0,0.3,quantile,15,300,50,0.2,-12.25717055947552
0,0.3,quantile,15,300,50,0.3,-11.07569877914184
0,0.3,quantile,15,300,50,0.4,-10.45932818065964
0,0.3,quantile,15,300,50,0.5,-10.220524129347805
0,0.3,quantile,15,300,50,0.6,-10.066117782406215
0,0.3,quantile,15,300,50,0.7,-10.367207644187184
0,0.3,quantile,15,300,50,0.8,-10.92874203583583
0,0.3,quantile,15,300,50,0.9,-13.309544294890362
0,0.3,quantile,15,300,10,0.1,-14.034510231870026
0,0.3,quantile,15,300,10,0.2,-12.449214547334416
0,0.3,quantile,15,300,10,0.3,-11.309887446299449
0,0.3,quantile,15,300,10,0.4,-10.379609050049174
0,0.3,quantile,15,300,10,0.5,-10.163785094051832
0,0.3,quantile,15,300,10,0.6,-10.358599596021346
0,0.3,quantile,15,300,10,0.7,-10.470708675615839
0,0.3,quantile,15,300,10,0.8,-11.016084876532084
0,0.3,quantile,15,300,10,0.9,-12.484936266713238
0,0.3,quantile,15,300,20,0.1,-13.843110924836811
0,0.3,quantile,15,300,20,0.2,-12.387869545788291
0,0.3,quantile,15,300,20,0.3,-11.180353503324094
0,0.3,quantile,15,300,20,0.4,-10.41262077453994
0,0.3,quantile,15,300,20,0.5,-10.248672820678562
0,0.3,quantile,15,300,20,0.6,-10.293026134178453
0,0.3,quantile,15,300,20,0.7,-10.370225473813585
0,0.3,quantile,15,300,20,0.8,-10.943894623454515
0,0.3,quantile,15,300,20,0.9,-12.70767519323756
0,0.3,quantile,15,300,30,0.1,-13.640191066084242
0,0.3,quantile,15,300,30,0.2,-12.28811597216312
0,0.3,quantile,15,300,30,0.3,-11.149164410560244
0,0.3,quantile,15,300,30,0.4,-10.535870721707818
0,0.3,quantile,15,300,30,0.5,-10.168463943981747
0,0.3,quantile,15,300,30,0.6,-10.295321958029481
0,0.3,quantile,15,300,30,0.7,-10.356212982740736
0,0.3,quantile,15,300,30,0.8,-10.908113345179483
0,0.3,quantile,15,300,30,0.9,-12.975938693092743
0,0.3,quantile,15,300,40,0.1,-13.467492571345545
0,0.3,quantile,15,300,40,0.2,-12.160420120953304
0,0.3,quantile,15,300,40,0.3,-11.148011389233098
0,0.3,quantile,15,300,40,0.4,-10.457550474236097
0,0.3,quantile,15,300,40,0.5,-10.297247203056957
0,0.3,quantile,15,300,40,0.6,-10.208244959476255
0,0.3,quantile,15,300,40,0.7,-10.387344619952852
0,0.3,quantile,15,300,40,0.8,-10.794555358989985
0,0.3,quantile,15,300,40,0.9,-12.936431442392754
0,0.3,quantile,15,300,50,0.1,-13.363438684330628
0,0.3,quantile,15,300,50,0.2,-12.135541724297521
0,0.3,quantile,15,300,50,0.3,-11.139312506943265
0,0.3,quantile,15,300,50,0.4,-10.54747842192674
0,0.3,quantile,15,300,50,0.5,-10.204251013186568
0,0.3,quantile,15,300,50,0.6,-10.108853101857125
0,0.3,quantile,15,300,50,0.7,-10.31371281718615
0,0.3,quantile,15,300,50,0.8,-10.863459341803978
0,0.3,quantile,15,300,50,0.9,-13.139171039852766
0,0.3,quantile,15,300,10,0.1,-13.909066103788438
0,0.3,quantile,15,300,10,0.2,-12.438273176465673
0,0.3,quantile,15,300,10,0.3,-11.222398031542165
0,0.3,quantile,15,300,10,0.4,-10.430048885159795
0,0.3,quantile,15,300,10,0.5,-10.240898447034482
0,0.3,quantile,15,300,10,0.6,-10.33784247227866
0,0.3,quantile,15,300,10,0.7,-10.650634812480574
0,0.3,quantile,15,300,10,0.8,-10.799226310751632
0,0.3,quantile,15,300,10,0.9,-12.368042581091682
0,0.3,quantile,15,300,20,0.1,-13.689196090927434
0,0.3,quantile,15,300,20,0.2,-12.254792354902785
0,0.3,quantile,15,300,20,0.3,-11.167097451567901
0,0.3,quantile,15,300,20,0.4,-10.420371667333496
0,0.3,quantile,15,300,20,0.5,-10.307529920704221
0,0.3,quantile,15,300,20,0.6,-10.220688450768465
0,0.3,quantile,15,300,20,0.7,-10.557223475370547
0,0.3,quantile,15,300,20,0.8,-11.035815990816282
0,0.3,quantile,15,300,20,0.9,-12.647698660641328
0,0.3,quantile,15,300,30,0.1,-13.506355690605151
0,0.3,quantile,15,300,30,0.2,-12.133639640147356
0,0.3,quantile,15,300,30,0.3,-11.143903250225993
0,0.3,quantile,15,300,30,0.4,-10.48517505755493
0,0.3,quantile,15,300,30,0.5,-10.151522872838967
0,0.3,quantile,15,300,30,0.6,-10.310069794672474
0,0.3,quantile,15,300,30,0.7,-10.246752193327305
0,0.3,quantile,15,300,30,0.8,-10.89410323712408
0,0.3,quantile,15,300,30,0.9,-12.79627217258268
0,0.3,quantile,15,300,40,0.1,-13.400149500577623
0,0.3,quantile,15,300,40,0.2,-12.036716583760885
0,0.3,quantile,15,300,40,0.3,-11.008245162661112
0,0.3,quantile,15,300,40,0.4,-10.389705137742022
0,0.3,quantile,15,300,40,0.5,-10.329804913829713
0,0.3,quantile,15,300,40,0.6,-10.280741167907271
0,0.3,quantile,15,300,40,0.7,-10.396516649212137
0,0.3,quantile,15,300,40,0.8,-10.886437761008775
0,0.3,quantile,15,300,40,0.9,-12.933912849208031
0,0.3,quantile,15,300,50,0.1,-13.319422155710578
0,0.3,quantile,15,300,50,0.2,-11.951573408316275
0,0.3,quantile,15,300,50,0.3,-10.972838198371127
0,0.3,quantile,15,300,50,0.4,-10.563419568700793
0,0.3,quantile,15,300,50,0.5,-10.322852786906378
0,0.3,quantile,15,300,50,0.6,-10.094209887410724
0,0.3,quantile,15,300,50,0.7,-10.342890432121743
0,0.3,quantile,15,300,50,0.8,-10.919876550690551
0,0.3,quantile,15,300,50,0.9,-13.076862709533325
0,0.3,quantile,15,300,10,0.1,-13.715699783090255
0,0.3,quantile,15,300,10,0.2,-12.325602814508713
0,0.3,quantile,15,300,10,0.3,-11.172430879994746
0,0.3,quantile,15,300,10,0.4,-10.521332079802736
0,0.3,quantile,15,300,10,0.5,-10.145155969085316
0,0.3,quantile,15,300,10,0.6,-10.354469572593954
0,0.3,quantile,15,300,10,0.7,-10.4548356201811
0,0.3,quantile,15,300,10,0.8,-10.809712814643733
0,0.3,quantile,15,300,10,0.9,-12.264210244989247
0,0.3,quantile,15,300,20,0.1,-13.391073894320566
0,0.3,quantile,15,300,20,0.2,-12.049985947916268
0,0.3,quantile,15,300,20,0.3,-11.04772050027275
0,0.3,quantile,15,300,20,0.4,-10.464098214030352
0,0.3,quantile,15,300,20,0.5,-10.259307495053134
0,0.3,quantile,15,300,20,0.6,-10.227465598694762
0,0.3,quantile,15,300,20,0.7,-10.355116038803226
0,0.3,quantile,15,300,20,0.8,-10.808016676001708
0,0.3,quantile,15,300,20,0.9,-12.621210231913576
0,0.3,quantile,15,300,30,0.1,-13.241532265371173
0,0.3,quantile,15,300,30,0.2,-11.935607839919106
0,0.3,quantile,15,300,30,0.3,-10.991835498682562
0,0.3,quantile,15,300,30,0.4,-10.506315052576834
0,0.3,quantile,15,300,30,0.5,-10.230244563214336
0,0.3,quantile,15,300,30,0.6,-10.26969623397784
0,0.3,quantile,15,300,30,0.7,-10.335574800949999
0,0.3,quantile,15,300,30,0.8,-10.889971919229835
0,0.3,quantile,15,300,30,0.9,-12.643872752926484
0,0.3,quantile,15,300,40,0.1,-13.218288389980113
0,0.3,quantile,15,300,40,0.2,-11.897314766342998
0,0.3,quantile,15,300,40,0.3,-10.983738252624393
0,0.3,quantile,15,300,40,0.4,-10.49495408644217
0,0.3,quantile,15,300,40,0.5,-10.205956135730597
0,0.3,quantile,15,300,40,0.6,-10.17248454013916
0,0.3,quantile,15,300,40,0.7,-10.372879179919352
0,0.3,quantile,15,300,40,0.8,-10.859639501501082
0,0.3,quantile,15,300,40,0.9,-12.714741343908285
0,0.3,quantile,15,300,50,0.1,-13.301299604806317
0,0.3,quantile,15,300,50,0.2,-11.876981686672773
0,0.3,quantile,15,300,50,0.3,-11.006721422786136
0,0.3,quantile,15,300,50,0.4,-10.548576868222908
0,0.3,quantile,15,300,50,0.5,-10.185223653126162
0,0.3,quantile,15,300,50,0.6,-10.060792953440707
0,0.3,quantile,15,300,50,0.7,-10.336858015117281
0,0.3,quantile,15,400,10,0.1,-14.006399097885202
0,0.3,quantile,15,400,10,0.2,-12.406094155935012
0,0.3,quantile,15,400,10,0.3,-11.201271438138958
0,0.3,quantile,15,400,10,0.4,-10.453021614031048
0,0.3,quantile,15,400,10,0.5,-10.19186817998943
0,0.3,quantile,15,400,10,0.6,-10.18215084950987
0,0.3,quantile,15,400,10,0.7,-10.53640768954709
0,0.3,quantile,15,400,10,0.8,-10.865546575196506
0,0.3,quantile,15,400,10,0.9,-12.239406420874207
0,0.3,quantile,15,400,20,0.1,-13.878845701363266
0,0.3,quantile,15,400,20,0.2,-12.350543271639042
0,0.3,quantile,15,400,20,0.3,-11.197364949512234
0,0.3,quantile,15,400,20,0.4,-10.488750125705696
0,0.3,quantile,15,400,20,0.5,-10.149888302279978
0,0.3,quantile,15,400,20,0.6,-10.2283961864192
0,0.3,quantile,15,400,20,0.7,-10.507257288745866
0,0.3,quantile,15,400,20,0.8,-10.936568278456864
0,0.3,quantile,15,400,20,0.9,-12.61293440734749
0,0.3,quantile,15,400,30,0.1,-13.673209964029812
0,0.3,quantile,15,400,30,0.2,-12.267641452456926
0,0.3,quantile,15,400,30,0.3,-11.152263539338978
0,0.3,quantile,15,400,30,0.4,-10.458422092128014
0,0.3,quantile,15,400,30,0.5,-10.229763495209845
0,0.3,quantile,15,400,30,0.6,-10.131427215354625
0,0.3,quantile,15,400,30,0.7,-10.474748079324042
0,0.3,quantile,15,400,30,0.8,-10.91294530606042
0,0.3,quantile,15,400,30,0.9,-12.819138451996455
0,0.3,quantile,15,400,40,0.1,-13.533714668964063
0,0.3,quantile,15,400,40,0.2,-12.20570852793735
0,0.3,quantile,15,400,40,0.3,-11.126240705823026
0,0.3,quantile,15,400,40,0.4,-10.388260888518952
0,0.3,quantile,15,400,40,0.5,-10.132394012623191
0,0.3,quantile,15,400,40,0.6,-10.1540118888694
0,0.3,quantile,15,400,40,0.7,-10.3350907957016
0,0.3,quantile,15,400,40,0.8,-10.853489602204258
0,0.3,quantile,15,400,40,0.9,-12.94547610522601
0,0.3,quantile,15,400,50,0.1,-13.443851492524692
0,0.3,quantile,15,400,50,0.2,-12.12633222852237
0,0.3,quantile,15,400,50,0.3,-11.082028958994858
0,0.3,quantile,15,400,50,0.4,-10.559536400376134
0,0.3,quantile,15,400,50,0.5,-10.284500299475326
0,0.3,quantile,15,400,50,0.6,-10.113932754220416
0,0.3,quantile,15,400,50,0.7,-10.345099648639435
0,0.3,quantile,15,400,50,0.8,-10.933433194140449
0,0.3,quantile,15,400,50,0.9,-13.136447378153141
0,0.3,quantile,15,500,10,0.1,-13.935314687355856
0,0.3,quantile,15,500,10,0.2,-12.331971759031656
0,0.3,quantile,15,500,10,0.3,-11.132579073255904
0,0.3,quantile,15,500,10,0.4,-10.421066750687883
0,0.3,quantile,15,500,10,0.5,-10.186589551990947
0,0.3,quantile,15,500,10,0.6,-10.184160842075764
0,0.3,quantile,15,500,10,0.7,-10.536012534255164
0,0.3,quantile,15,500,10,0.8,-10.845079906085854
0,0.3,quantile,15,500,10,0.9,-12.15821174837505
0,0.3,quantile,15,500,20,0.1,-13.804285752802858
0,0.3,quantile,15,500,20,0.2,-12.289041531271902
0,0.3,quantile,15,500,20,0.3,-11.147858965584925
0,0.3,quantile,15,500,20,0.4,-10.469002143955773
0,0.3,quantile,15,500,20,0.5,-10.137082110391766
0,0.3,quantile,15,500,20,0.6,-10.226498726919008
0,0.3,quantile,15,500,20,0.7,-10.498075117614906
0,0.3,quantile,15,500,20,0.8,-10.914491035607446
0,0.3,quantile,15,500,20,0.9,-12.539486237835389
0,0.3,quantile,15,500,30,0.1,-13.585628110853037
0,0.3,quantile,15,500,30,0.2,-12.219042332362626
0,0.3,quantile,15,500,30,0.3,-11.109343184298435
0,0.3,quantile,15,500,30,0.4,-10.43649352061438
0,0.3,quantile,15,500,30,0.5,-10.218613881807068
0,0.3,quantile,15,500,30,0.6,-10.129490902281061
0,0.3,quantile,15,500,30,0.7,-10.470057683204095
0,0.3,quantile,15,500,30,0.8,-10.897177064305787
0,0.3,quantile,15,500,30,0.9,-12.754184480411354
0,0.3,quantile,15,500,40,0.1,-13.467163116306585
0,0.3,quantile,15,500,40,0.2,-12.14885495476322
0,0.3,quantile,15,500,40,0.3,-11.094171881461902
0,0.3,quantile,15,500,40,0.4,-10.367698159643924
0,0.3,quantile,15,500,40,0.5,-10.118694332967376
0,0.3,quantile,15,500,40,0.6,-10.148467886323044
0,0.3,quantile,15,500,40,0.7,-10.332749268090947
0,0.3,quantile,15,500,40,0.8,-10.832637243433881
0,0.3,quantile,15,500,40,0.9,-12.882843410206004
0,0.3,quantile,15,500,50,0.1,-13.391631948117427
0,0.3,quantile,15,500,50,0.2,-12.078052514522149
0,0.3,quantile,15,500,50,0.3,-11.048385310835613
0,0.3,quantile,15,500,50,0.4,-10.546291546201784
0,0.3,quantile,15,500,50,0.5,-10.27775921900433
0,0.3,quantile,15,500,50,0.6,-10.119603653668708
0,0.3,quantile,15,500,50,0.7,-10.341498487727662
0,0.3,quantile,15,500,50,0.8,-10.910083241711744
0,0.3,quantile,15,500,50,0.9,-13.075183749095297
0,0.3,quantile,15,1000,10,0.1,-13.643504117812768
0,0.3,quantile,15,1000,10,0.2,-12.096998816777656
0,0.3,quantile,15,1000,10,0.3,-10.940731104899573
0,0.3,quantile,15,1000,10,0.4,-10.345899673324144
0,0.3,quantile,15,1000,10,0.5,-10.151292909070682
0,0.3,quantile,15,1000,10,0.6,-10.182876751630342
0,0.3,quantile,15,1000,10,0.7,-10.534514586063452
0,0.3,quantile,15,1000,10,0.8,-10.792749872360428
0,0.3,quantile,15,1000,10,0.9,-11.938175084222909
0,0.3,quantile,15,1000,20,0.1,-13.539647223389096
0,0.3,quantile,15,1000,20,0.2,-12.097662729740424
0,0.3,quantile,15,1000,20,0.3,-11.01613720433311
0,0.3,quantile,15,1000,20,0.4,-10.384842342685419
0,0.3,quantile,15,1000,20,0.5,-10.112457408790517
0,0.3,quantile,15,1000,20,0.6,-10.22851543885874
0,0.3,quantile,15,1000,20,0.7,-10.495495849729513
0,0.3,quantile,15,1000,20,0.8,-10.864061153288652
0,0.3,quantile,15,1000,20,0.9,-12.350653563946148
0,0.3,quantile,15,1000,30,0.1,-13.34528146635996
0,0.3,quantile,15,1000,30,0.2,-12.045509055044352
0,0.3,quantile,15,1000,30,0.3,-10.986740650687777
0,0.3,quantile,15,1000,30,0.4,-10.380653821353647
0,0.3,quantile,15,1000,30,0.5,-10.212510621258577
0,0.3,quantile,15,1000,30,0.6,-10.131245728633846
0,0.3,quantile,15,1000,30,0.7,-10.447910001608609
0,0.3,quantile,15,1000,30,0.8,-10.848925396079116
0,0.3,quantile,15,1000,30,0.9,-12.556953378967844
0,0.3,quantile,15,1000,40,0.1,-13.268712939171674
0,0.3,quantile,15,1000,40,0.2,-11.9990473483787
0,0.3,quantile,15,1000,40,0.3,-10.97495168173763
0,0.3,quantile,15,1000,40,0.4,-10.321415258334804
0,0.3,quantile,15,1000,40,0.5,-10.10413797584752
0,0.3,quantile,15,1000,40,0.6,-10.139182893176962
0,0.3,quantile,15,1000,40,0.7,-10.316017435882554
0,0.3,quantile,15,1000,40,0.8,-10.78106781050093
0,0.3,quantile,15,1000,40,0.9,-12.688998325448091
0,0.3,quantile,15,1000,50,0.1,-13.221547962633512
0,0.3,quantile,15,1000,50,0.2,-11.944683755206837
0,0.3,quantile,15,1000,50,0.3,-10.944494777522147
0,0.3,quantile,15,1000,50,0.4,-10.499507649184064
0,0.3,quantile,15,1000,50,0.5,-10.26556949287751
0,0.3,quantile,15,1000,50,0.6,-10.10777814228696
0,0.3,quantile,15,1000,50,0.7,-10.318436458977157
0,0.3,quantile,15,1000,50,0.8,-10.84661062185073
0,0.3,quantile,15,1000,50,0.9,-12.8981697486503
0,0.3,quantile,20,100,10,0.1,-14.481064336585703
0,0.3,quantile,20,100,10,0.2,-12.81039061827182
0,0.3,quantile,20,100,10,0.3,-11.623164845649324
0,0.3,quantile,20,100,10,0.4,-10.749658449387598
0,0.3,quantile,20,100,10,0.5,-10.235364095674742
0,0.3,quantile,20,100,10,0.6,-10.244412002216635
0,0.3,quantile,20,100,10,0.7,-10.599827074401242
0,0.3,quantile,20,100,10,0.8,-10.999895474050915
0,0.3,quantile,20,100,10,0.9,-12.691341392181041
0,0.3,quantile,20,100,20,0.1,-14.391838947629413
0,0.3,quantile,20,100,20,0.2,-12.796791756985604
0,0.3,quantile,20,100,20,0.3,-11.567216583651156
0,0.3,quantile,20,100,20,0.4,-10.704201754510148
0,0.3,quantile,20,100,20,0.5,-10.198728647683954
0,0.3,quantile,20,100,20,0.6,-10.243084779798266
0,0.3,quantile,20,100,20,0.7,-10.542013163151326
0,0.3,quantile,20,100,20,0.8,-11.066993696806486
0,0.3,quantile,20,100,20,0.9,-13.050497665078222
0,0.3,quantile,20,100,30,0.1,-14.16992914981347
0,0.3,quantile,20,100,30,0.2,-12.6882407188968
0,0.3,quantile,20,100,30,0.3,-11.416645781135534
0,0.3,quantile,20,100,30,0.4,-10.620980108423351
0,0.3,quantile,20,100,30,0.5,-10.285730303554109
0,0.3,quantile,20,100,30,0.6,-10.223159922450014
0,0.3,quantile,20,100,30,0.7,-10.51263885724057
0,0.3,quantile,20,100,30,0.8,-11.088376672199516
0,0.3,quantile,20,100,30,0.9,-13.29612737584577
0,0.3,quantile,20,100,40,0.1,-14.02097336644385
0,0.3,quantile,20,100,40,0.2,-12.568397037681912
0,0.3,quantile,20,100,40,0.3,-11.430588531047679
0,0.3,quantile,20,100,40,0.4,-10.577213698030516
0,0.3,quantile,20,100,40,0.5,-10.296644472549417
0,0.3,quantile,20,100,40,0.6,-10.177774010668408
0,0.3,quantile,20,100,40,0.7,-10.428621473020971
0,0.3,quantile,20,100,40,0.8,-11.03452924724749
0,0.3,quantile,20,100,40,0.9,-13.406938375221188
0,0.3,quantile,20,100,50,0.1,-13.82754016516862
0,0.3,quantile,20,100,50,0.2,-12.453662074674838
0,0.3,quantile,20,100,50,0.3,-11.395059565919759
0,0.3,quantile,20,100,50,0.4,-10.661014522612346
0,0.3,quantile,20,100,50,0.5,-10.301862004262471
0,0.3,quantile,20,100,50,0.6,-10.134831993740525
0,0.3,quantile,20,100,50,0.7,-10.448017140199767
0,0.3,quantile,20,100,50,0.8,-11.121544107560524
0,0.3,quantile,20,100,50,0.9,-13.584692991806929
0,0.3,quantile,20,200,10,0.1,-14.222271787906084
0,0.3,quantile,20,200,10,0.2,-12.592619241214273
0,0.3,quantile,20,200,10,0.3,-11.42529419912353
0,0.3,quantile,20,200,10,0.4,-10.646450371273088
0,0.3,quantile,20,200,10,0.5,-10.201383935952466
0,0.3,quantile,20,200,10,0.6,-10.27098085274164
0,0.3,quantile,20,200,10,0.7,-10.58820474423119
0,0.3,quantile,20,200,10,0.8,-10.938474325978211
0,0.3,quantile,20,200,10,0.9,-12.469341938685153
0,0.3,quantile,20,200,20,0.1,-14.136219695479545
0,0.3,quantile,20,200,20,0.2,-12.577447249754936
0,0.3,quantile,20,200,20,0.3,-11.360829962502894
0,0.3,quantile,20,200,20,0.4,-10.623721944792365
0,0.3,quantile,20,200,20,0.5,-10.170417063492138
0,0.3,quantile,20,200,20,0.6,-10.214964847849172
0,0.3,quantile,20,200,20,0.7,-10.523934976051402
0,0.3,quantile,20,200,20,0.8,-10.96819747036552
0,0.3,quantile,20,200,20,0.9,-12.810408954867668
0,0.3,quantile,20,200,30,0.1,-13.933152013300381
0,0.3,quantile,20,200,30,0.2,-12.462169591369017
0,0.3,quantile,20,200,30,0.3,-11.208776995779804
0,0.3,quantile,20,200,30,0.4,-10.512590999648083
0,0.3,quantile,20,200,30,0.5,-10.244814762432291
0,0.3,quantile,20,200,30,0.6,-10.215838843581631
0,0.3,quantile,20,200,30,0.7,-10.490547781035009
0,0.3,quantile,20,200,30,0.8,-10.983587303504537
0,0.3,quantile,20,200,30,0.9,-13.049358612159676
0,0.3,quantile,20,200,40,0.1,-13.76245898326863
0,0.3,quantile,20,200,40,0.2,-12.356854261310698
0,0.3,quantile,20,200,40,0.3,-11.258514295249142
0,0.3,quantile,20,200,40,0.4,-10.494877485031228
0,0.3,quantile,20,200,40,0.5,-10.266351379899335
0,0.3,quantile,20,200,40,0.6,-10.18745426065793
0,0.3,quantile,20,200,40,0.7,-10.392468647221879
0,0.3,quantile,20,200,40,0.8,-10.920411132279831
0,0.3,quantile,20,200,40,0.9,-13.15689318799603
0,0.3,quantile,20,200,50,0.1,-13.597984962440545
0,0.3,quantile,20,200,50,0.2,-12.27233142382341
0,0.3,quantile,20,200,50,0.3,-11.2233180342553
0,0.3,quantile,20,200,50,0.4,-10.5776638853984
0,0.3,quantile,20,200,50,0.5,-10.27709817059333
0,0.3,quantile,20,200,50,0.6,-10.122101757687865
0,0.3,quantile,20,200,50,0.7,-10.394434791686535
0,0.3,quantile,20,200,50,0.8,-11.016618288029287
0,0.3,quantile,20,200,50,0.9,-13.340375481789835
0,0.3,quantile,20,300,10,0.1,-14.07837807490419
0,0.3,quantile,20,300,10,0.2,-12.469409116906323
0,0.3,quantile,20,300,10,0.3,-11.342352873133333
0,0.3,quantile,20,300,10,0.4,-10.58713717777847
0,0.3,quantile,20,300,10,0.5,-10.189153675225782
0,0.3,quantile,20,300,10,0.6,-10.277109847558801
0,0.3,quantile,20,300,10,0.7,-10.583819864107472
0,0.3,quantile,20,300,10,0.8,-10.92299280951809
0,0.3,quantile,20,300,10,0.9,-12.337064440420036
0,0.3,quantile,20,300,20,0.1,-13.980327062432204
0,0.3,quantile,20,300,20,0.2,-12.458546305699048
0,0.3,quantile,20,300,20,0.3,-11.256857337741998
0,0.3,quantile,20,300,20,0.4,-10.588032717666565
0,0.3,quantile,20,300,20,0.5,-10.173315616108273
0,0.3,quantile,20,300,20,0.6,-10.209138977409214
0,0.3,quantile,20,300,20,0.7,-10.525105989432538
0,0.3,quantile,20,300,20,0.8,-10.930156489854669
0,0.3,quantile,20,300,20,0.9,-12.691880213273699
0,0.3,quantile,20,300,30,0.1,-13.809583811629016
0,0.3,quantile,20,300,30,0.2,-12.340537593078214
0,0.3,quantile,20,300,30,0.3,-11.123609332959825
0,0.3,quantile,20,300,30,0.4,-10.461894733756472
0,0.3,quantile,20,300,30,0.5,-10.232100544811896
0,0.3,quantile,20,300,30,0.6,-10.221217235527943
0,0.3,quantile,20,300,30,0.7,-10.485711597076204
0,0.3,quantile,20,300,30,0.8,-10.948799924459108
0,0.3,quantile,20,300,30,0.9,-12.917643172235136
0,0.3,quantile,20,300,40,0.1,-13.633264097574695
0,0.3,quantile,20,300,40,0.2,-12.26610665433017
0,0.3,quantile,20,300,40,0.3,-11.163451388893593
0,0.3,quantile,20,300,40,0.4,-10.44639780736656
0,0.3,quantile,20,300,40,0.5,-10.248158987438382
0,0.3,quantile,20,300,40,0.6,-10.186098107109073
0,0.3,quantile,20,300,40,0.7,-10.375987883102068
0,0.3,quantile,20,300,40,0.8,-10.864481244430637
0,0.3,quantile,20,300,40,0.9,-13.027396388947432
0,0.3,quantile,20,300,50,0.1,-13.499494511697833
0,0.3,quantile,20,300,50,0.2,-12.180534032600939
0,0.3,quantile,20,300,50,0.3,-11.143701541781777
0,0.3,quantile,20,300,50,0.4,-10.540045033140059
0,0.3,quantile,20,300,50,0.5,-10.262401127277718
0,0.3,quantile,20,300,50,0.6,-10.12362287507049
0,0.3,quantile,20,300,50,0.7,-10.384244177848299
0,0.3,quantile,20,300,50,0.8,-10.96236699447341
0,0.3,quantile,20,300,50,0.9,-13.206963005300526
0,0.3,quantile,20,400,10,0.1,-13.955618745171273
0,0.3,quantile,20,400,10,0.2,-12.375766339456131
0,0.3,quantile,20,400,10,0.3,-11.27055824949274
